{
  "in_degree": {
    "alpha": 1.8547834382036203,
    "xmin": 1.0,
    "D": 0.0029605514342150308,
    "sigma": 0.011695105855806109
  },
  "total_degree": {
    "alpha": 2.672038222936279,
    "xmin": 7.0,
    "D": 0.03857354811406169,
    "sigma": 0.02805101610193875
  }
}