{
  "real": {
    "nodes": 13925,
    "edges": 53580,
    "clustering": 0.19289009584829242,
    "avg_path_length": 3.8159322033898304
  },
  "random": {
    "nodes": 13925,
    "edges": 53580,
    "clustering": 0.0005443274646992041,
    "avg_path_length": 4.822054007469118
  },
  "gamma": 354.36407008212177,
  "lambda": 0.7913499511783036,
  "sigma": 447.7969191183762
}