{
  "in_degree": {
    "alpha": 1.8604963001261532,
    "xmin": 2.0,
    "D": 0.005524829165199585,
    "sigma": 0.010604034149683486
  },
  "total_degree": {
    "alpha": 1.933211951443669,
    "xmin": 45.0,
    "D": 0.01854218269750596,
    "sigma": 0.04459059185526662
  }
}