{
  "real": {
    "nodes": 37175,
    "edges": 171394,
    "clustering": 0.1877761389849382,
    "avg_path_length": 3.605304244902351
  },
  "random": {
    "nodes": 37171,
    "edges": 171394,
    "clustering": 0.00022878957830703311,
    "avg_path_length": 4.953615281140705
  },
  "gamma": 820.7372922071855,
  "lambda": 0.7278127267227203,
  "sigma": 1127.6764778528905
}