{
  "in_degree": {
    "alpha": 1.8728456556296385,
    "xmin": 2.0,
    "D": 0.008095909868692575,
    "sigma": 0.006282392259092122
  },
  "total_degree": {
    "alpha": 2.7303140095390703,
    "xmin": 11.0,
    "D": 0.0290092669417088,
    "sigma": 0.011910279607712588
  }
}