{
  "real": {
    "nodes": 107060,
    "edges": 606343,
    "clustering": 0.20032041190530872,
    "avg_path_length": 3.54448799260221
  },
  "random": {
    "nodes": 107059,
    "edges": 606343,
    "clustering": 0.00011960993238510459,
    "avg_path_length": 4.979647854434045
  },
  "gamma": 1674.7807469729435,
  "lambda": 0.7117949092416402,
  "sigma": 2352.897899701596
}