{
  "in_degree": {
    "alpha": 1.8721795722083927,
    "xmin": 2.0,
    "D": 0.007622541105309022,
    "sigma": 0.00807227718276166
  },
  "total_degree": {
    "alpha": 2.753615612092544,
    "xmin": 10.0,
    "D": 0.03060193186637883,
    "sigma": 0.015100552083112515
  }
}