{
  "real": {
    "nodes": 65028,
    "edges": 334763,
    "clustering": 0.19373840884073693,
    "avg_path_length": 3.605347932397312
  },
  "random": {
    "nodes": 65027,
    "edges": 334763,
    "clustering": 0.00016185508850713267,
    "avg_path_length": 5.000582843785563
  },
  "gamma": 1196.9868270913164,
  "lambda": 0.7209855420909247,
  "sigma": 1660.20919590141
}