{
  "nodes": 180000,
  "edges": 1070853,
  "in_degree": {
    "min": 0,
    "max": 55847,
    "mean": 5.949183333333333,
    "median": 0.0
  },
  "out_degree": {
    "min": 0,
    "max": 191,
    "mean": 5.949183333333333,
    "median": 4.0
  },
  "total_degree": {
    "min": 0,
    "max": 55848,
    "mean": 11.898366666666666,
    "median": 5.0
  }
}