{
  "in_degree": {
    "alpha": 1.9592890033382657,
    "xmin": 3.0,
    "D": 0.014311216132353755,
    "sigma": 0.00642906578045798
  },
  "total_degree": {
    "alpha": 1.8654979711067734,
    "xmin": 79.0,
    "D": 0.018261780680187134,
    "sigma": 0.02660867323794774
  }
}