{
  "real": {
    "nodes": 156600,
    "edges": 1068750,
    "clustering": 0.2242955861504069,
    "avg_path_length": 3.148423425436944
  },
  "random": {
    "nodes": 156600,
    "edges": 1068750,
    "clustering": 9.16796451548984e-05,
    "avg_path_length": 4.832111827023161
  },
  "gamma": 2446.514553709776,
  "lambda": 0.6515626165416252
}